sample	name
SRR5909868	33-16 Root
SRR5909867	33-16 Shoot
SRR5909958	33-16 Kernel
SRR5909869	33-16 Leaf 3 Base
SRR5909957	33-16 Leaf 3 Tip
SRR5909865	33-16 Adult leaf (day)
SRR5909866	33-16 Adult leaf (night)
SRR5909697	38-11 Kernel
SRR5909696	38-11 Kernel
SRR5909873	38-11 Leaf 3 Base
SRR5909874	38-11 Leaf 3 Tip
SRR5909959	38-11 Adult leaf (night)
SRR5909693	4226 Root
SRR5909692	4226 Shoot
SRR5909701	4226 Kernel
SRR5909694	4226 Leaf 3 Base
SRR5909695	4226 L3Mid
SRR5909700	4226 Leaf 3 Tip
SRR5909699	4226 Adult leaf (day)
SRR5909698	4226 Adult leaf (night)
SRR5909821	4722 Kernel
SRR5909822	4722 Leaf 3 Base
SRR5909819	4722 Leaf 3 Tip
SRR5909820	4722 Adult leaf (night)
SRR5909824	A188 Shoot
SRR5909827	A188 Kernel
SRR5909825	A188 Leaf 3 Base
SRR5909828	A188 Leaf 3 Tip
SRR5909823	A188 Adult leaf (day)
SRR5909826	A188 Adult leaf (night)
SRR5909971	A214N Root
SRR5909970	A214N Shoot
SRR5909977	A214N Leaf 3 Base
SRR5909976	A214N Leaf 3 Tip
SRR5909972	A214N Adult leaf (day)
SRR5909973	A214N Adult leaf (night)
SRR5909978	A239 Root
SRR5909975	A239 Shoot
SRR5909966	A239 Kernel
SRR5909979	A239 Leaf 3 Base
SRR5909967	A239 Leaf 3 Tip
SRR5909974	A239 Adult leaf (night)
SRR5911446	A272 Root
SRR5911449	A272 Shoot
SRR5911447	A272 Kernel
SRR5911448	A272 Adult leaf (day)
SRR5911227	A272 Adult leaf (night)
SRR5909962	A441-5 Root
SRR5909963	A441-5 Shoot
SRR5909968	A441-5 Kernel
SRR5909961	A441-5 Leaf 3 Base
SRR5909960	A441-5 L3Mid
SRR5909969	A441-5 Leaf 3 Tip
SRR5909965	A441-5 Adult leaf (day)
SRR5909964	A441-5 Adult leaf (night)
SRR5910119	A554 Root
SRR5910118	A554 Shoot
SRR5910120	A554 Leaf 3 Base
SRR5910116	A554 Adult leaf (day)
SRR5910117	A554 Adult leaf (night)
SRR5909624	A556 Root
SRR5910123	A556 Shoot
SRR5909772	A556 Kernel
SRR5909773	A556 Leaf 3 Tip
SRR5910121	A556 Adult leaf (day)
SRR5910122	A556 Adult leaf (night)
SRR5909768	A6 Root
SRR5909769	A6 Shoot
SRR5909767	A6 Kernel
SRR5909771	A6 Leaf 3 Base
SRR5909770	A6 Leaf 3 Tip
SRR5909775	A6 Adult leaf (day)
SRR5909774	A6 Adult leaf (night)
SRR5909905	A619 Root
SRR5909908	A619 Shoot
SRR5909903	A619 Kernel
SRR5909906	A619 Leaf 3 Base
SRR5909766	A619 Adult leaf (day)
SRR5909907	A619 Adult leaf (night)
SRR5909899	A632 Root
SRR5909902	A632 Shoot
SRR5909889	A632 Kernel
SRR5909900	A632 Leaf 3 Base
SRR5909890	A632 Leaf 3 Tip
SRR5909901	A632 Adult leaf (day)
SRR5909904	A632 Adult leaf (night)
SRR5909894	A634 Root
SRR5909887	A634 Shoot
SRR5909892	A634 Kernel
SRR5909893	A634 Leaf 3 Base
SRR5909888	A634 Adult leaf (night)
SRR5909895	A635 Root
SRR5909896	A635 Shoot
SRR5910050	A635 Kernel
SRR5910049	A635 Leaf 3 Base
SRR5909891	A635 Adult leaf (night)
SRR5910046	A641 Root
SRR5910045	A641 Shoot
SRR5910048	A641 Kernel
SRR5910047	A641 Leaf 3 Base
SRR5910051	A641 Adult leaf (day)
SRR5910052	A641 Adult leaf (night)
SRR5909810	A654 Root
SRR5909811	A654 Shoot
SRR5909815	A654 Kernel
SRR5909809	A654 Leaf 3 Base
SRR5909808	A654 Leaf 3 Tip
SRR5910043	A654 Adult leaf (day)
SRR5910044	A654 Adult leaf (night)
SRR5909812	A659 Root
SRR5909670	A659 Kernel
SRR5909816	A659 Leaf 3 Base
SRR5909817	A659 Leaf 3 Tip
SRR5909814	A659 Adult leaf (day)
SRR5909813	A659 Adult leaf (night)
SRR5909666	A661 Root
SRR5909673	A661 Shoot
SRR5909669	A661 Kernel
SRR5909667	A661 Leaf 3 Base
SRR5909668	A661 Leaf 3 Tip
SRR5909671	A661 Adult leaf (day)
SRR5909672	A661 Adult leaf (night)
SRR5910098	A679 Root
SRR5910099	A679 Shoot
SRR5910095	A679 Kernel
SRR5910101	A679 Leaf 3 Base
SRR5910100	A679 Leaf 3 Tip
SRR5909678	A679 Adult leaf (day)
SRR5909679	A679 Adult leaf (night)
SRR5910053	A680 Root
SRR5910097	A680 Shoot
SRR5909950	A680 Kernel
SRR5910093	A680 Leaf 3 Base
SRR5909723	A680 Leaf 3 Tip
SRR5910094	A680 Adult leaf (night)
SRR5909946	A682 Root
SRR5909949	A682 Shoot
SRR5909945	A682 Kernel
SRR5909947	A682 Leaf 3 Base
SRR5909944	A682 Leaf 3 Tip
SRR5909948	A682 Adult leaf (day)
SRR5909951	A682 Adult leaf (night)
SRR5909897	Ab28A Root
SRR5909898	Ab28A Shoot
SRR5909842	Ab28A Kernel
SRR5909844	Ab28A Leaf 3 Base
SRR5909843	Ab28A Leaf 3 Tip
SRR5909942	Ab28A Adult leaf (day)
SRR5909943	Ab28A Adult leaf (night)
SRR5909839	B10 Kernel
SRR5909840	B10 Leaf 3 Tip
SRR5909841	B10 Adult leaf (night)
SRR5909729	B103 Root
SRR5909728	B103 Shoot
SRR5909730	B103 Leaf 3 Base
SRR5909731	B103 Leaf 3 Tip
SRR5909910	B103 Adult leaf (day)
SRR5909909	B103 Adult leaf (night)
SRR5909734	B104 Root
SRR5909733	B104 Shoot
SRR5909735	B104 Kernel
SRR5909732	B104 Adult leaf (night)
SRR5910096	B105 Root
SRR5909727	B105 Shoot
SRR5909636	B105 Kernel
SRR5909634	B105 Leaf 3 Base
SRR5909637	B105 Leaf 3 Tip
SRR5909726	B105 Adult leaf (night)
SRR5909641	B109 Root
SRR5909638	B109 Shoot
SRR5909640	B109 Leaf 3 Base
SRR5909643	B109 Leaf 3 Tip
SRR5909639	B109 Adult leaf (night)
SRR5909994	B14A Root
SRR5909993	B14A Shoot
SRR5909992	B14A Kernel
SRR5909991	B14A Leaf 3 Tip
SRR5909642	B14A Adult leaf (night)
SRR5909995	B164 Root
SRR5909998	B164 Shoot
SRR5910002	B164 Kernel
SRR5909763	B164 Leaf 3 Base
SRR5909764	B164 Leaf 3 Tip
SRR5909997	B164 Adult leaf (night)
SRR5909686	B2 Shoot
SRR5909691	B2 Kernel
SRR5909685	B2 Leaf 3 Base
SRR5909684	B2 Leaf 3 Tip
SRR5909687	B2 Adult leaf (night)
SRR5909688	B37 Root
SRR5909689	B37 Shoot
SRR5910060	B37 Kernel
SRR5909682	B37 Leaf 3 Base
SRR5909683	B37 Leaf 3 Tip
SRR5909690	B37 Adult leaf (night)
SRR5910063	B46 Shoot
SRR5910056	B46 Leaf 3 Base
SRR5910057	B46 L3Mid
SRR5910058	B46 Leaf 3 Tip
SRR5910062	B46 Adult leaf (day)
SRR5910061	B46 Adult leaf (night)
SRR5910114	B52 Root
SRR5910055	B52 Shoot
SRR5909644	B52 Leaf 3 Base
SRR5910115	B52 Leaf 3 Tip
SRR5910054	B52 Adult leaf (day)
SRR5910059	B52 Adult leaf (night)
SRR5909647	B57 Root
SRR5909646	B57 Shoot
SRR5910092	B57 Kernel
SRR5909648	B57 Leaf 3 Base
SRR5909649	B57 Leaf 3 Tip
SRR5909645	B57 Adult leaf (night)
SRR5909787	B64 Root
SRR5909938	B64 Shoot
SRR5909783	B64 Kernel
SRR5909784	B64 Kernel
SRR5909786	B64 Leaf 3 Base
SRR5909785	B64 Leaf 3 Tip
SRR5909939	B64 Adult leaf (day)
SRR5909635	B64 Adult leaf (night)
SRR5909954	B68 Root
SRR5909797	B68 Shoot
SRR5909912	B68 Kernel
SRR5909914	B68 Leaf 3 Base
SRR5909915	B68 Leaf 3 Tip
SRR5909782	B68 Adult leaf (night)
SRR5909742	B73 Root
SRR5909746	B73 Root
SRR5909740	B73 Root
SRR5909741	B73 Root
SRR5910113	B73 Root
SRR5909847	B73 Root
SRR5909848	B73 Root
SRR5909849	B73 Root
SRR5909851	B73 Root
SRR5909845	B73 Root
SRR5909850	B73 Root
SRR5909852	B73 Root
SRR5909853	B73 Root
SRR5909854	B73 Root
SRR5910004	B73 Root
SRR5909846	B73 Root
SRR5910003	B73 Root
SRR5910090	B73 Shoot
SRR5910105	B73 Shoot
SRR5910111	B73 Shoot
SRR5909736	B73 Shoot
SRR5909737	B73 Shoot
SRR5909743	B73 Shoot
SRR5910091	B73 Shoot
SRR5910110	B73 Shoot
SRR5910006	B73 Kernel
SRR5909632	B73 Kernel
SRR5909703	B73 Kernel
SRR5909704	B73 Kernel
SRR5909705	B73 Kernel
SRR5910073	B73 Kernel
SRR5910075	B73 Kernel
SRR5909702	B73 Kernel
SRR5909712	B73 Kernel
SRR5909980	B73 Kernel
SRR5910074	B73 Kernel
SRR5910031	B73 Leaf 3 Base
SRR5910032	B73 Leaf 3 Base
SRR5910023	B73 Leaf 3 Base
SRR5910024	B73 Leaf 3 Base
SRR5910025	B73 Leaf 3 Base
SRR5910029	B73 Leaf 3 Base
SRR5909762	B73 Leaf 3 Base
SRR5910026	B73 Leaf 3 Base
SRR5910027	B73 Leaf 3 Base
SRR5910028	B73 Leaf 3 Base
SRR5910030	B73 Leaf 3 Base
SRR5909983	B73 Leaf 3 Base
SRR5909981	B73 Leaf 3 Base
SRR5909984	B73 Leaf 3 Base
SRR5909986	B73 Leaf 3 Base
SRR5909988	B73 Leaf 3 Base
SRR5909990	B73 Leaf 3 Base
SRR5909985	B73 Leaf 3 Base
SRR5909987	B73 Leaf 3 Base
SRR5909707	B73 Leaf 3 Base
SRR5909706	B73 Leaf 3 Base
SRR5909708	B73 Leaf 3 Base
SRR5909837	B73 Leaf 3 Base
SRR5910108	B73 Leaf 3 Base
SRR5910109	B73 Leaf 3 Base
SRR5909709	B73 Leaf 3 Base
SRR5909838	B73 Leaf 3 Base
SRR5909999	B73 Leaf 3 Tip
SRR5910001	B73 Leaf 3 Tip
SRR5909996	B73 Leaf 3 Tip
SRR5910000	B73 Leaf 3 Tip
SRR5910005	B73 Leaf 3 Tip
SRR5909765	B73 Leaf 3 Tip
SRR5909675	B73 Leaf 3 Tip
SRR5909676	B73 Leaf 3 Tip
SRR5909710	B73 Leaf 3 Tip
SRR5909711	B73 Leaf 3 Tip
SRR5909725	B73 Leaf 3 Tip
SRR5909982	B73 Leaf 3 Tip
SRR5909724	B73 Leaf 3 Tip
SRR5909674	B73 Leaf 3 Tip
SRR5909677	B73 Leaf 3 Tip
SRR5909680	B73 Leaf 3 Tip
SRR5909681	B73 Leaf 3 Tip
SRR5909831	B73 Leaf 3 Tip
SRR5909829	B73 Leaf 3 Tip
SRR5909830	B73 Leaf 3 Tip
SRR5909833	B73 Leaf 3 Tip
SRR5909836	B73 Leaf 3 Tip
SRR5909832	B73 Leaf 3 Tip
SRR5909834	B73 Leaf 3 Tip
SRR5909835	B73 Leaf 3 Tip
SRR5909989	B73 Leaf 3 Tip
SRR5910066	B73 Adult leaf (day)
SRR5910068	B73 Adult leaf (day)
SRR5910071	B73 Adult leaf (day)
SRR5910067	B73 Adult leaf (day)
SRR5909917	B73 Adult leaf (day)
SRR5910069	B73 Adult leaf (day)
SRR5910103	B73 Adult leaf (night)
SRR5909788	B73 Adult leaf (night)
SRR5910064	B73 Adult leaf (night)
SRR5910065	B73 Adult leaf (night)
SRR5909922	B73 Adult leaf (night)
SRR5910102	B73 Adult leaf (night)
SRR5910104	B73 Adult leaf (night)
SRR5909633	B73 Adult leaf (night)
SRR5909918	B73 Adult leaf (night)
SRR5910070	B73 Adult leaf (night)
SRR5909913	B73 Adult leaf (night)
SRR5909919	B73 Adult leaf (night)
SRR5910072	B73 Adult leaf (night)
SRR5909778	B73 Adult leaf (night)
SRR5910107	B73 Leaf 3 middle
SRR5910106	B73 Leaf 3 middle
SRR5909920	B73-10 Shoot
SRR5909924	B73-10 Shoot
SRR5909926	B73-10 Shoot
SRR5909927	B73-10 Shoot
SRR5909921	B73-10 Shoot
SRR5909925	B73-10 Shoot
SRR5909923	B73-10 Shoot
SRR5910078	B73Htrhm Root
SRR5910077	B73Htrhm Shoot
SRR5909629	B73Htrhm Kernel
SRR5910079	B73Htrhm Leaf 3 Base
SRR5909628	B73Htrhm Leaf 3 Tip
SRR5910076	B73Htrhm Adult leaf (night)
SRR5909916	B75 Root
SRR5909779	B75 Shoot
SRR5909794	B75 Kernel
SRR5909956	B75 Leaf 3 Base
SRR5909796	B75 Leaf 3 Tip
SRR5909818	B75 Adult leaf (night)
SRR5909790	B76 Root
SRR5909793	B76 Shoot
SRR5909791	B76 Leaf 3 Base
SRR5909940	B76 Leaf 3 Tip
SRR5909795	B76 Adult leaf (day)
SRR5909792	B76 Adult leaf (night)
SRR5909651	B77 Root
SRR5909652	B77 Shoot
SRR5909656	B77 Kernel
SRR5909657	B77 Leaf 3 Base
SRR5909650	B77 Leaf 3 Tip
SRR5909653	B77 Adult leaf (day)
SRR5909789	B77 Adult leaf (night)
SRR5909661	B79 Root
SRR5909654	B79 Shoot
SRR5910012	B79 Kernel
SRR5909660	B79 Leaf 3 Base
SRR5910011	B79 Leaf 3 Tip
SRR5909655	B79 Adult leaf (night)
SRR5910008	B84 Root
SRR5910007	B84 Shoot
SRR5910019	B84 Kernel
SRR5910010	B84 Leaf 3 Base
SRR5910009	B84 Leaf 3 Tip
SRR5910014	B84 Adult leaf (day)
SRR5910013	B84 Adult leaf (night)
SRR5911450	B97 Root
SRR5911453	B97 Shoot
SRR5911451	B97 Leaf 3 Base
SRR5911454	B97 Leaf 3 Tip
SRR5911452	B97 Adult leaf (night)
SRR5909857	C103 Root
SRR5909858	C103 Shoot
SRR5909862	C103 Kernel
SRR5909859	C103 Leaf 3 Base
SRR5909860	C103 Leaf 3 Tip
SRR5910020	C103 Adult leaf (night)
SRR5909856	C123 Root
SRR5909863	C123 Shoot
SRR5909747	C123 Kernel
SRR5910112	C123 Leaf 3 Base
SRR5909855	C123 Leaf 3 Tip
SRR5909861	C123 Adult leaf (day)
SRR5909864	C123 Adult leaf (night)
SRR5909751	C49A Root
SRR5909750	C49A Shoot
SRR5909738	C49A Kernel
SRR5909748	C49A Leaf 3 Base
SRR5909749	C49A Leaf 3 Tip
SRR5909744	C49A Adult leaf (day)
SRR5909745	C49A Adult leaf (night)
SRR5909780	CH701-30 Root
SRR5910022	CH701-30 Shoot
SRR5910018	CH701-30 Kernel
SRR5909781	CH701-30 Leaf 3 Base
SRR5910017	CH701-30 Leaf 3 Tip
SRR5910021	CH701-30 Adult leaf (day)
SRR5909739	CH701-30 Adult leaf (night)
SRR5909776	CH9 Root
SRR5910016	CH9 Shoot
SRR5909662	CH9 Kernel
SRR5909777	CH9 Leaf 3 Base
SRR5909663	CH9 Leaf 3 Tip
SRR5910015	CH9 Adult leaf (night)
SRR5909664	CI187-2 Shoot
SRR5909630	CI187-2 Kernel
SRR5909659	CI187-2 Leaf 3 Base
SRR5909658	CI187-2 L3Mid
SRR5909631	CI187-2 Leaf 3 Tip
SRR5909665	CI187-2 Adult leaf (night)
SRR5909756	CI21E Shoot
SRR5909759	CI21E Kernel
SRR5909757	CI21E Leaf 3 Base
SRR5909758	CI21E Leaf 3 Tip
SRR5909626	CI21E Adult leaf (day)
SRR5909627	CI21E Adult leaf (night)
SRR5909755	CI28A Root
SRR5909754	CI28A Shoot
SRR5909953	CI28A Kernel
SRR5909760	CI28A Leaf 3 Base
SRR5909761	CI28A Leaf 3 Tip
SRR5909752	CI28A Adult leaf (day)
SRR5909753	CI28A Adult leaf (night)
SRR5909872	CI31A Root
SRR5909941	CI31A Shoot
SRR5909876	CI31A Kernel
SRR5909955	CI31A Kernel
SRR5909870	CI31A Leaf 3 Base
SRR5909871	CI31A Leaf 3 Tip
SRR5909952	CI31A Adult leaf (day)
SRR5909911	CI31A Adult leaf (night)
SRR5910083	CI3A Root
SRR5910082	CI3A Shoot
SRR5910086	CI3A Kernel
SRR5910081	CI3A Leaf 3 Base
SRR5910080	CI3A Leaf 3 Tip
SRR5909875	CI3A Adult leaf (night)
SRR5910088	CI64 Root
SRR5910085	CI64 Shoot
SRR5910089	CI64 Leaf 3 Base
SRR5909714	CI64 Leaf 3 Tip
SRR5910084	CI64 Adult leaf (day)
SRR5910087	CI64 Adult leaf (night)
SRR5909718	CI66 Root
SRR5909715	CI66 Shoot
SRR5909722	CI66 Kernel
SRR5909719	CI66 Kernel
SRR5909720	CI66 Leaf 3 Base
SRR5909717	CI66 Leaf 3 Tip
SRR5909713	CI66 Adult leaf (day)
SRR5909716	CI66 Adult leaf (night)
SRR5911682	CI7 Root
SRR5911683	CI7 Shoot
SRR5911738	CI7 Kernel
SRR5911675	CI7 Leaf 3 Base
SRR5911674	CI7 Leaf 3 Tip
SRR5911680	CI7 Adult leaf (day)
SRR5911681	CI7 Adult leaf (night)
SRR5911742	CI90C Root
SRR5911741	CI90C Shoot
SRR5911745	CI90C Kernel
SRR5911744	CI90C Leaf 3 Base
SRR5911743	CI90C Leaf 3 Tip
SRR5911739	CI90C Adult leaf (day)
SRR5911784	CI90C Adult leaf (night)
SRR5911903	CI91B Root
SRR5911904	CI91B Shoot
SRR5911900	CI91B Kernel
SRR5911901	CI91B Leaf 3 Base
SRR5911902	CI91B Leaf 3 Tip
SRR5911786	CI91B Adult leaf (day)
SRR5911787	CI91B Adult leaf (night)
SRR5909802	CM105 Root
SRR5909801	CM105 Shoot
SRR5909805	CM105 Kernel
SRR5909803	CM105 Leaf 3 Base
SRR5909804	CM105 Leaf 3 Tip
SRR5909721	CM105 Adult leaf (day)
SRR5909800	CM105 Adult leaf (night)
SRR5909799	CM37 Root
SRR5909798	CM37 Shoot
SRR5909933	CM37 Kernel
SRR5909934	CM37 Leaf 3 Base
SRR5909935	CM37 Leaf 3 Tip
SRR5909806	CM37 Adult leaf (day)
SRR5909807	CM37 Adult leaf (night)
SRR5909932	CM7 Shoot
SRR5909937	CM7 Kernel
SRR5909928	CM7 Leaf 3 Base
SRR5909929	CM7 Leaf 3 Tip
SRR5909931	CM7 Adult leaf (day)
SRR5909930	CM7 Adult leaf (night)
SRR5909881	CML10 Root
SRR5909884	CML10 Shoot
SRR5909883	CML10 Adult leaf (day)
SRR5909936	CML10 Adult leaf (night)
SRR5911415	CML103 Root
SRR5911414	CML103 Shoot
SRR5911410	CML103 Kernel
SRR5911413	CML103 Leaf 3 Base
SRR5911412	CML103 Leaf 3 Tip
SRR5911327	CML103 Adult leaf (day)
SRR5911326	CML103 Adult leaf (night)
SRR5909885	CML108 Root
SRR5909878	CML108 Shoot
SRR5909886	CML108 Leaf 3 Base
SRR5909880	CML108 Leaf 3 Base
SRR5910038	CML108 Leaf 3 Tip
SRR5909882	CML108 Adult leaf (day)
SRR5909877	CML108 Adult leaf (night)
SRR5909879	CML108 Leaf 3 middle
SRR5910040	CML11 Shoot
SRR5910036	CML11 Kernel
SRR5910033	CML11 Leaf 3 Base
SRR5910034	CML11 Leaf 3 Tip
SRR5910037	CML11 Adult leaf (day)
SRR5910039	CML11 Adult leaf (night)
SRR5911408	CML133 Root
SRR5911411	CML133 Shoot
SRR5910042	CML14 Root
SRR5910035	CML14 Shoot
SRR5911826	CML14 Leaf 3 Base
SRR5910041	CML14 Leaf 3 Tip
SRR5911830	CML154Q Root
SRR5911825	CML154Q Shoot
SRR5911829	CML154Q Kernel
SRR5911828	CML154Q Leaf 3 Base
SRR5911831	CML154Q Leaf 3 Tip
SRR5911827	CML154Q Adult leaf (day)
SRR5911824	CML154Q Adult leaf (night)
SRR5911837	CML157Q Root
SRR5911836	CML157Q Shoot
SRR5911840	CML157Q Kernel
SRR5911834	CML157Q Leaf 3 Base
SRR5911835	CML157Q Leaf 3 Tip
SRR5911832	CML157Q Adult leaf (day)
SRR5911833	CML157Q Adult leaf (night)
SRR5911842	CML158Q Root
SRR5911839	CML158Q Shoot
SRR5911843	CML158Q Leaf 3 Base
SRR5911910	CML158Q Leaf 3 Tip
SRR5911841	CML158Q Adult leaf (day)
SRR5911838	CML158Q Adult leaf (night)
SRR5911406	CML192 Root
SRR5911409	CML192 Shoot
SRR5911545	CML202 Root
SRR5911407	CML202 Shoot
SRR5911541	CML206 Root
SRR5911546	CML206 Shoot
SRR5911540	CML206 Leaf 3 Base
SRR5911543	CML206 Leaf 3 Tip
SRR5911544	CML206 Adult leaf (day)
SRR5911547	CML206 Adult leaf (night)
SRR5911914	CML218 Root
SRR5911907	CML218 Shoot
SRR5911911	CML218 Kernel
SRR5911913	CML218 Leaf 3 Base
SRR5911912	CML218 Leaf 3 Tip
SRR5911909	CML218 Adult leaf (day)
SRR5911908	CML218 Adult leaf (night)
SRR5912047	CML220 Root
SRR5912046	CML220 Shoot
SRR5912042	CML220 Kernel
SRR5912048	CML220 Leaf 3 Base
SRR5912049	CML220 Leaf 3 Tip
SRR5911906	CML220 Adult leaf (day)
SRR5911905	CML220 Adult leaf (night)
SRR5912050	CML228 Root
SRR5912045	CML228 Shoot
SRR5911627	CML228 Kernel
SRR5911626	CML228 Kernel
SRR5912051	CML228 Leaf 3 Base
SRR5911625	CML228 L3Mid
SRR5911624	CML228 Leaf 3 Tip
SRR5912043	CML228 Adult leaf (day)
SRR5912044	CML228 Adult leaf (night)
SRR5911620	CML238 Shoot
SRR5911622	CML238 Leaf 3 Base
SRR5912119	CML238 Leaf 3 Tip
SRR5911621	CML238 Adult leaf (day)
SRR5911623	CML238 Adult leaf (night)
SRR5911762	CML247 Root
SRR5912118	CML247 Shoot
SRR5911763	CML247 Leaf 3 Base
SRR5911760	CML247 Leaf 3 Tip
SRR5911758	CML254 Root
SRR5911761	CML254 Shoot
SRR5911756	CML254 Leaf 3 Base
SRR5911759	CML254 Leaf 3 Tip
SRR5911754	CML258 Root
SRR5911757	CML258 Shoot
SRR5911755	CML258 Leaf 3 Base
SRR5911821	CML258 Leaf 3 Tip
SRR5911817	CML261 Root
SRR5911818	CML261 Shoot
SRR5911816	CML261 Leaf 3 Base
SRR5911815	CML261 Leaf 3 Tip
SRR5911820	CML261 Adult leaf (day)
SRR5911819	CML261 Adult leaf (night)
SRR5911823	CML264 Root
SRR5911814	CML264 Shoot
SRR5911958	CML277 Root
SRR5911957	CML277 Shoot
SRR5911959	CML277 Leaf 3 Base
SRR5911960	CML277 L3Mid
SRR5911961	CML277 Leaf 3 Tip
SRR5911822	CML277 Adult leaf (day)
SRR5911956	CML277 Adult leaf (night)
SRR5911962	CML281 Shoot
SRR5911964	CML281 Leaf 3 Base
SRR5911963	CML281 Leaf 3 Tip
SRR5911965	CML287 Shoot
SRR5912025	CML311 Shoot
SRR5912024	CML311 Leaf 3 Base
SRR5912027	CML311 L3Mid
SRR5912026	CML311 Leaf 3 Tip
SRR5912030	CML314 Root
SRR5912031	CML314 Shoot
SRR5911668	CML314 Kernel
SRR5912022	CML314 Leaf 3 Base
SRR5912023	CML314 Leaf 3 Tip
SRR5912029	CML314 Adult leaf (day)
SRR5912028	CML314 Adult leaf (night)
SRR5911666	CML321 Root
SRR5911669	CML321 Shoot
SRR5911667	CML321 Leaf 3 Base
SRR5911672	CML321 L3Mid
SRR5911673	CML321 Leaf 3 Tip
SRR5911671	CML322 Shoot
SRR5912062	CML322 Kernel
SRR5911665	CML322 Leaf 3 Base
SRR5912063	CML322 Leaf 3 Tip
SRR5911670	CML322 Adult leaf (day)
SRR5911664	CML322 Adult leaf (night)
SRR5912068	CML323 Root
SRR5912069	CML323 Shoot
SRR5911927	CML323 Kernel
SRR5912071	CML323 Leaf 3 Base
SRR5912067	CML323 Leaf 3 Base
SRR5912070	CML323 Leaf 3 Tip
SRR5912065	CML323 Adult leaf (day)
SRR5912066	CML323 Adult leaf (night)
SRR5912064	CML323 Leaf 3 middle
SRR5911926	CML328 Root
SRR5911925	CML328 Shoot
SRR5911931	CML328 Leaf 3 Base
SRR5911932	CML328 Leaf 3 Tip
SRR5911928	CML328 Adult leaf (night)
SRR5911536	CML330 Root
SRR5911153	CML330 Kernel
SRR5911611	CML330 Leaf 3 Base
SRR5911612	CML330 L3Mid
SRR5911492	CML330 Leaf 3 Tip
SRR5911542	CML330 Adult leaf (day)
SRR5911537	CML330 Adult leaf (night)
SRR5911934	CML331 Root
SRR5911933	CML331 Shoot
SRR5911780	CML331 Leaf 3 Base
SRR5911781	CML331 Leaf 3 Tip
SRR5911929	CML331 Adult leaf (day)
SRR5911930	CML331 Adult leaf (night)
SRR5911778	CML332 Root
SRR5911779	CML332 Shoot
SRR5911777	CML332 Leaf 3 Base
SRR5911776	CML332 L3Mid
SRR5911775	CML332 Leaf 3 Tip
SRR5911640	CML333 Root
SRR5911782	CML333 Shoot
SRR5911643	CML333 Kernel
SRR5911641	CML333 Leaf 3 Base
SRR5911642	CML333 Leaf 3 Tip
SRR5911774	CML333 Adult leaf (day)
SRR5911783	CML333 Adult leaf (night)
SRR5911647	CML341 Root
SRR5911645	CML341 Shoot
SRR5911639	CML341 Leaf 3 Base
SRR5911638	CML341 Leaf 3 Tip
SRR5911644	CML341 Adult leaf (day)
SRR5911646	CML341 Adult leaf (night)
SRR5912007	CML38 Root
SRR5912008	CML38 Shoot
SRR5912004	CML38 Kernel
SRR5912001	CML38 Leaf 3 Base
SRR5912002	CML38 Leaf 3 Tip
SRR5912006	CML38 Adult leaf (day)
SRR5912005	CML38 Adult leaf (night)
SRR5911610	CML411 Root
SRR5911609	CML411 Shoot
SRR5911285	CML411 Kernel
SRR5911154	CML411 Leaf 3 Base
SRR5911155	CML411 Leaf 3 Tip
SRR5911607	CML411 Adult leaf (day)
SRR5911608	CML411 Adult leaf (night)
SRR5911282	CML418 Root
SRR5911283	CML418 Shoot
SRR5911287	CML418 Kernel
SRR5911288	CML418 Leaf 3 Base
SRR5911289	CML418 Leaf 3 Tip
SRR5911284	CML418 Adult leaf (night)
SRR5912000	CML45 Root
SRR5912003	CML45 Shoot
SRR5911999	CML45 Leaf 3 Base
SRR5911883	CML45 L3Mid
SRR5911884	CML45 Leaf 3 Tip
SRR5911286	CML479 Shoot
SRR5911881	CML5 Shoot
SRR5911879	CML5 Leaf 3 Base
SRR5911882	CML5 Leaf 3 Tip
SRR5911341	CML504 Root
SRR5911340	CML504 Shoot
SRR5911339	CML504 Leaf 3 Base
SRR5911338	CML504 Leaf 3 Tip
SRR5911291	CML504 Adult leaf (day)
SRR5911290	CML504 Adult leaf (night)
SRR5911332	CML505 Kernel
SRR5911343	CML505 Leaf 3 Base
SRR5911342	CML505 Leaf 3 Tip
SRR5911344	CML505 Adult leaf (day)
SRR5911345	CML505 Adult leaf (night)
SRR5911471	CML511 Root
SRR5911468	CML511 Shoot
SRR5911473	CML511 Leaf 3 Base
SRR5911470	CML511 Leaf 3 Tip
SRR5911333	CML511 Adult leaf (day)
SRR5911469	CML511 Adult leaf (night)
SRR5911880	CML52 Shoot
SRR5911877	CML61 Shoot
SRR5911875	CML61 Leaf 3 Base
SRR5911878	CML61 Leaf 3 Tip
SRR5911719	CML69 Root
SRR5911720	CML69 Shoot
SRR5911722	CML69 Kernel
SRR5911717	CML69 Leaf 3 Base
SRR5911724	CML69 L3Mid
SRR5911723	CML69 Leaf 3 Tip
SRR5911876	CML69 Adult leaf (day)
SRR5911718	CML69 Adult leaf (night)
SRR5912086	CML77 Root
SRR5911725	CML77 Shoot
SRR5912089	CML77 Kernel
SRR5912088	CML77 Leaf 3 Base
SRR5912087	CML77 Leaf 3 Tip
SRR5911726	CML77 Adult leaf (day)
SRR5911721	CML77 Adult leaf (night)
SRR5911467	CML84 Root
SRR5911474	CML84 Shoot
SRR5911603	CML84 Kernel
SRR5911604	CML84 Leaf 3 Base
SRR5911466	CML84 Leaf 3 Tip
SRR5911472	CML84 Adult leaf (day)
SRR5911475	CML84 Adult leaf (night)
SRR5911215	CML85 Root
SRR5911216	CML85 Shoot
SRR5911598	CML85 Kernel
SRR5911223	CML85 Leaf 3 Base
SRR5911217	CML85 Leaf 3 Tip
SRR5911606	CML85 Adult leaf (day)
SRR5911605	CML85 Adult leaf (night)
SRR5912085	CML91 Root
SRR5912084	CML91 Shoot
SRR5911948	CML91 Kernel
SRR5912091	CML91 Leaf 3 Base
SRR5912090	CML91 Leaf 3 Tip
SRR5912082	CML91 Adult leaf (day)
SRR5912083	CML91 Adult leaf (night)
SRR5911949	CML92 Root
SRR5911950	CML92 Shoot
SRR5911954	CML92 Kernel
SRR5911952	CML92 Leaf 3 Base
SRR5911951	CML92 Leaf 3 Tip
SRR5911947	CML92 Adult leaf (night)
SRR5911462	CML96 Root
SRR5911465	CML96 Shoot
SRR5911461	CML96 Kernel
SRR5911463	CML96 Leaf 3 Base
SRR5911460	CML96 Leaf 3 Tip
SRR5911597	CML96 Adult leaf (day)
SRR5911464	CML96 Adult leaf (night)
SRR5911808	CMV3 Root
SRR5911945	CMV3 Shoot
SRR5911806	CMV3 Kernel
SRR5911809	CMV3 Leaf 3 Tip
SRR5911953	CMV3 Adult leaf (day)
SRR5911946	CMV3 Adult leaf (night)
SRR5911810	CO106 Root
SRR5911813	CO106 Shoot
SRR5911805	CO106 Kernel
SRR5911811	CO106 Leaf 3 Base
SRR5911804	CO106 Leaf 3 Tip
SRR5911807	CO106 Adult leaf (day)
SRR5911812	CO106 Adult leaf (night)
SRR5912035	CO125 Root
SRR5912034	CO125 Shoot
SRR5912038	CO125 Kernel
SRR5912040	CO125 Leaf 3 Base
SRR5912041	CO125 Leaf 3 Tip
SRR5912036	CO125 Adult leaf (day)
SRR5912037	CO125 Adult leaf (night)
SRR5911677	CO255 Root
SRR5912033	CO255 Shoot
SRR5911678	CO255 Kernel
SRR5911676	CO255 Leaf 3 Base
SRR5911679	CO255 Leaf 3 Tip
SRR5912039	CO255 Adult leaf (day)
SRR5912032	CO255 Adult leaf (night)
SRR5911896	D940Y Root
SRR5911897	D940Y Shoot
SRR5911985	D940Y Kernel
SRR5911895	D940Y Leaf 3 Base
SRR5911984	D940Y Leaf 3 Tip
SRR5911899	D940Y Adult leaf (day)
SRR5911898	D940Y Adult leaf (night)
SRR5911980	DE1 Root
SRR5911983	DE1 Shoot
SRR5911986	DE1 Kernel
SRR5911981	DE1 Leaf 3 Base
SRR5911978	DE1 L3Mid
SRR5911979	DE1 Leaf 3 Tip
SRR5911982	DE1 Adult leaf (night)
SRR5912109	DE811 Root
SRR5911990	DE811 Shoot
SRR5912102	DE811 Kernel
SRR5912103	DE811 Leaf 3 Base
SRR5912108	DE811 Leaf 3 Tip
SRR5911955	DE811 Adult leaf (day)
SRR5911987	DE811 Adult leaf (night)
SRR5912114	E2558W Root
SRR5912115	E2558W Shoot
SRR5911704	E2558W Kernel
SRR5911703	E2558W Leaf 3 Tip
SRR5912104	E2558W Adult leaf (day)
SRR5912105	E2558W Adult leaf (night)
SRR5911700	EP1 Root
SRR5911699	EP1 Shoot
SRR5911697	EP1 Kernel
SRR5911701	EP1 Leaf 3 Base
SRR5911702	EP1 Leaf 3 Tip
SRR5911705	EP1 Adult leaf (day)
SRR5911706	EP1 Adult leaf (night)
SRR5911858	F2834T Root
SRR5911859	F2834T Shoot
SRR5911862	F2834T Kernel
SRR5911856	F2834T Leaf 3 Base
SRR5911863	F2834T Leaf 3 Tip
SRR5911857	F2834T Adult leaf (day)
SRR5911698	F2834T Adult leaf (night)
SRR5911854	F6 Root
SRR5911855	F6 Shoot
SRR5911648	F6 Kernel
SRR5911650	F6 Leaf 3 Base
SRR5911651	F6 Leaf 3 Tip
SRR5911861	F6 Adult leaf (day)
SRR5911860	F6 Adult leaf (night)
SRR5911652	F7 Root
SRR5911655	F7 Shoot
SRR5911686	F7 Kernel
SRR5911684	F7 Leaf 3 Base
SRR5911658	F7 Leaf 3 Tip
SRR5911649	F7 Adult leaf (day)
SRR5911654	F7 Adult leaf (night)
SRR5911790	GA209 Root
SRR5911791	GA209 Shoot
SRR5911795	GA209 Kernel
SRR5911792	GA209 Leaf 3 Base
SRR5911793	GA209 Leaf 3 Tip
SRR5911789	GA209 Adult leaf (day)
SRR5911788	GA209 Adult leaf (night)
SRR5911888	GT112 Root
SRR5911796	GT112 Shoot
SRR5911885	GT112 Kernel
SRR5911886	GT112 Leaf 3 Base
SRR5911887	GT112 Leaf 3 Tip
SRR5911794	GT112 Adult leaf (day)
SRR5911797	GT112 Adult leaf (night)
SRR5911890	H105W Root
SRR5911891	H105W Shoot
SRR5911893	H105W Kernel
SRR5911889	H105W Leaf 3 Base
SRR5911894	H105W Leaf 3 Tip
SRR5911892	H105W Adult leaf (night)
SRR5911733	H49 Root
SRR5911732	H49 Shoot
SRR5911728	H49 Kernel
SRR5911734	H49 Leaf 3 Base
SRR5911727	H49 Leaf 3 Tip
SRR5911731	H49 Adult leaf (night)
SRR5911735	H84 Root
SRR5911730	H84 Shoot
SRR5911661	H84 Kernel
SRR5911736	H84 Leaf 3 Tip
SRR5911729	H84 Adult leaf (night)
SRR5911657	H91 Root
SRR5911662	H91 Shoot
SRR5911685	H91 Kernel
SRR5911656	H91 Leaf 3 Base
SRR5911659	H91 Leaf 3 Tip
SRR5911663	H91 Adult leaf (day)
SRR5911660	H91 Adult leaf (night)
SRR5912018	H95 Root
SRR5911737	H95 Shoot
SRR5912017	H95 Kernel
SRR5912019	H95 Leaf 3 Base
SRR5912016	H95 Leaf 3 Tip
SRR5911653	H95 Adult leaf (night)
SRR5912013	H99 Root
SRR5912012	H99 Shoot
SRR5911942	H99 Kernel
SRR5912010	H99 Leaf 3 Base
SRR5912011	H99 Leaf 3 Tip
SRR5911864	H99 Adult leaf (day)
SRR5912015	H99 Adult leaf (night)
SRR5912021	Hi27 Root
SRR5911798	Hi27 Root
SRR5912020	Hi27 Shoot
SRR5911803	Hi27 Kernel
SRR5911800	Hi27 Leaf 3 Base
SRR5911802	Hi27 Leaf 3 Base
SRR5911799	Hi27 Leaf 3 Tip
SRR5911801	Hi27 Leaf 3 Tip
SRR5911944	Hi27 Adult leaf (day)
SRR5911943	Hi27 Adult leaf (night)
SRR5911938	HP301 Root
SRR5911939	HP301 Shoot
SRR5911935	HP301 Kernel
SRR5911937	HP301 Leaf 3 Base
SRR5911936	HP301 Leaf 3 Tip
SRR5911940	HP301 Adult leaf (day)
SRR5911941	HP301 Adult leaf (night)
SRR5911707	I137TN Root
SRR5911708	I137TN Shoot
SRR5911711	I137TN Kernel
SRR5911710	I137TN Leaf 3 Base
SRR5911709	I137TN L3Mid
SRR5911712	I137TN Leaf 3 Tip
SRR5912009	I137TN Adult leaf (day)
SRR5912014	I137TN Adult leaf (night)
SRR5911716	I205 Root
SRR5911713	I205 Shoot
SRR5912075	I205 Kernel
SRR5912074	I205 Leaf 3 Base
SRR5911715	I205 Leaf 3 Tip
SRR5911714	I205 Adult leaf (night)
SRR5912079	I29 Root
SRR5912078	I29 Shoot
SRR5912080	I29 Kernel
SRR5912077	I29 Leaf 3 Base
SRR5912076	I29 Leaf 3 Tip
SRR5912072	I29 Adult leaf (day)
SRR5912073	I29 Adult leaf (night)
SRR5911747	IA2132 Root
SRR5911748	IA2132 Shoot
SRR5911752	IA2132 Kernel
SRR5911753	IA2132 Leaf 3 Base
SRR5911746	IA2132 Leaf 3 Tip
SRR5912081	IA2132 Adult leaf (day)
SRR5911749	IA2132 Adult leaf (night)
SRR5911996	Ia5125 Root
SRR5911997	Ia5125 Shoot
SRR5911989	Ia5125 Leaf 3 Base
SRR5911995	Ia5125 Leaf 3 Tip
SRR5911991	Ia5125 Adult leaf (day)
SRR5911998	Ia5125 Adult leaf (night)
SRR5911785	IDS28 Root
SRR5911750	IDS28 Shoot
SRR5911967	IDS28 Kernel
SRR5911740	IDS28 Leaf 3 Base
SRR5911966	IDS28 Leaf 3 Tip
SRR5911751	IDS28 Adult leaf (night)
SRR5912113	IDS69 Root
SRR5912112	IDS69 Shoot
SRR5911871	IDS69 Kernel
SRR5912106	IDS69 Leaf 3 Base
SRR5912110	IDS69 Leaf 3 Base
SRR5912107	IDS69 Leaf 3 Tip
SRR5912111	IDS69 Adult leaf (day)
SRR5912116	IDS69 Adult leaf (night)
SRR5912117	IDS69 Leaf 3 middle
SRR5911874	IDS91 Root
SRR5911873	IDS91 Shoot
SRR5911869	IDS91 Kernel
SRR5911868	IDS91 Leaf 3 Base
SRR5911867	IDS91 Leaf 3 Tip
SRR5911872	IDS91 Adult leaf (night)
SRR5911635	Il101T Root
SRR5911634	Il101T Shoot
SRR5911630	Il101T Kernel
SRR5911632	Il101T Leaf 3 Base
SRR5911633	Il101T Leaf 3 Tip
SRR5911988	Il101T Adult leaf (night)
SRR5911629	Il14H Root
SRR5911631	Il14H Shoot
SRR5911768	Il14H Kernel
SRR5911771	Il14H Kernel
SRR5911769	Il14H Leaf 3 Base
SRR5911637	Il14H Leaf 3 Tip
SRR5911628	Il14H Adult leaf (day)
SRR5911636	Il14H Adult leaf (night)
SRR5911381	Il677a Root
SRR5911380	Il677a Shoot
SRR5911225	Il677a Kernel
SRR5911383	Il677a Leaf 3 Base
SRR5911382	Il677a Leaf 3 Tip
SRR5911214	Il677a Adult leaf (day)
SRR5911212	Il677a Adult leaf (night)
SRR5911865	IllHy Root
SRR5911870	IllHy Shoot
SRR5911866	IllHy Leaf 3 Base
SRR5911994	IllHy Leaf 3 Tip
SRR5911992	IllHy Adult leaf (day)
SRR5911993	IllHy Adult leaf (night)
SRR5911767	K148 Root
SRR5911764	K148 Shoot
SRR5911772	K148 Kernel
SRR5911773	K148 Leaf 3 Base
SRR5911766	K148 Leaf 3 Tip
SRR5911765	K148 Adult leaf (day)
SRR5911770	K148 Adult leaf (night)
SRR5911918	K4 Root
SRR5911917	K4 Shoot
SRR5911921	K4 Kernel
SRR5911919	K4 Leaf 3 Base
SRR5911920	K4 Leaf 3 Tip
SRR5911915	K4 Adult leaf (day)
SRR5911916	K4 Adult leaf (night)
SRR5912058	K55 Root
SRR5912059	K55 Shoot
SRR5912060	K55 Shoot
SRR5912055	K55 Kernel
SRR5912057	K55 Leaf 3 Base
SRR5911924	K55 Leaf 3 Base
SRR5912056	K55 Leaf 3 Tip
SRR5912061	K55 Adult leaf (day)
SRR5911922	K55 Adult leaf (night)
SRR5911923	K55 Leaf 3 middle
SRR5911691	K64 Root
SRR5912052	K64 Shoot
SRR5911690	K64 Kernel
SRR5911692	K64 Leaf 3 Base
SRR5911689	K64 Leaf 3 Tip
SRR5912054	K64 Adult leaf (day)
SRR5912053	K64 Adult leaf (night)
SRR5911973	Ki11 Root
SRR5911972	Ki11 Shoot
SRR5911974	Ki11 Leaf 3 Base
SRR5911975	Ki11 Leaf 3 Tip
SRR5911845	Ki11 Adult leaf (day)
SRR5911844	Ki11 Adult leaf (night)
SRR5911970	Ki14 Root
SRR5911969	Ki14 Shoot
SRR5911968	Ki14 Adult leaf (day)
SRR5911971	Ki14 Adult leaf (night)
SRR5912099	Ki21 Root
SRR5912092	Ki21 Shoot
SRR5912096	Ki21 Kernel
SRR5912097	Ki21 Leaf 3 Base
SRR5912098	Ki21 Leaf 3 Tip
SRR5912094	Ki21 Adult leaf (day)
SRR5912093	Ki21 Adult leaf (night)
SRR5911457	Ki3 Root
SRR5911456	Ki3 Shoot
SRR5911331	Ki3 Kernel
SRR5911517	Ki3 Leaf 3 Base
SRR5911516	Ki3 Leaf 3 Tip
SRR5911458	Ki3 Adult leaf (day)
SRR5911459	Ki3 Adult leaf (night)
SRR5912100	Ki43 Root
SRR5912101	Ki43 Shoot
SRR5911121	Ki43 Kernel
SRR5911120	Ki43 Leaf 3 Base
SRR5911119	Ki43 Leaf 3 Tip
SRR5911113	Ki44 Root
SRR5911118	Ki44 Shoot
SRR5911127	Ki44 Kernel
SRR5910671	Ki44 Leaf 3 Base
SRR5911116	Ki44 Leaf 3 Base
SRR5911126	Ki44 Leaf 3 Tip
SRR5911122	Ki44 Adult leaf (day)
SRR5911117	Ki44 Adult leaf (night)
SRR5911115	Ki44 Leaf 3 middle
SRR5912095	KUI2021 Root
SRR5911976	KUI2021 Shoot
SRR5911977	KUI2021 Shoot
SRR5911131	Ky21 Root
SRR5911130	Ky21 Shoot
SRR5911124	Ky21 Kernel
SRR5911133	Ky21 Leaf 3 Base
SRR5911132	Ky21 Leaf 3 Tip
SRR5911128	Ky21 Adult leaf (day)
SRR5911129	Ky21 Adult leaf (night)
SRR5911694	Ky226 Root
SRR5911693	Ky226 Shoot
SRR5911847	Ky226 Kernel
SRR5911688	Ky226 Leaf 3 Base
SRR5911687	Ky226 Leaf 3 Tip
SRR5911696	Ky226 Adult leaf (day)
SRR5911695	Ky226 Adult leaf (night)
SRR5911851	Ky228 Root
SRR5911848	Ky228 Shoot
SRR5911852	Ky228 Kernel
SRR5911850	Ky228 Leaf 3 Base
SRR5911853	Ky228 Leaf 3 Tip
SRR5911846	Ky228 Adult leaf (day)
SRR5911849	Ky228 Adult leaf (night)
SRR5910776	L317 Root
SRR5910773	L317 Shoot
SRR5910769	L317 Kernel
SRR5910770	L317 Leaf 3 Base
SRR5910775	L317 Leaf 3 Tip
SRR5910774	L317 Adult leaf (day)
SRR5911125	L317 Adult leaf (night)
SRR5910777	L578 Root
SRR5910778	L578 Shoot
SRR5910901	L578 Kernel
SRR5910903	L578 Leaf 3 Base
SRR5910904	L578 Leaf 3 Tip
SRR5910772	L578 Adult leaf (day)
SRR5910771	L578 Adult leaf (night)
SRR5910900	M14 Root
SRR5910899	M14 Shoot
SRR5910906	M14 Kernel
SRR5910897	M14 Leaf 3 Base
SRR5910898	M14 L3Mid
SRR5910905	M14 Leaf 3 Tip
SRR5910902	M14 Adult leaf (night)
SRR5911042	M162W Root
SRR5911047	M162W Kernel
SRR5911041	M162W Leaf 3 Base
SRR5911048	M162W Leaf 3 Tip
SRR5911044	M162W Adult leaf (day)
SRR5911043	M162W Adult leaf (night)
SRR5911049	M37W Root
SRR5911050	M37W Shoot
SRR5910691	M37W Kernel
SRR5910670	M37W Leaf 3 Base
SRR5910871	M37W L3Mid
SRR5910673	M37W Leaf 3 Tip
SRR5911046	M37W Adult leaf (day)
SRR5911045	M37W Adult leaf (night)
SRR5911091	MEF156-55-2 Root
SRR5911090	MEF156-55-2 Shoot
SRR5910984	MEF156-55-2 Kernel
SRR5911114	MEF156-55-2 Leaf 3 Base
SRR5911110	MEF156-55-2 Leaf 3 Tip
SRR5911088	MEF156-55-2 Adult leaf (day)
SRR5911089	MEF156-55-2 Adult leaf (night)
SRR5911106	Mo17 Root
SRR5911107	Mo17 Shoot
SRR5911112	Mo17 Kernel
SRR5911105	Mo17 Leaf 3 Base
SRR5911104	Mo17 L3Mid
SRR5911103	Mo17 Leaf 3 Tip
SRR5911108	Mo17 Adult leaf (night)
SRR5910751	Mo18W Root
SRR5910750	Mo18W Shoot
SRR5910754	Mo18W Kernel
SRR5910752	Mo18W Leaf 3 Base
SRR5910753	Mo18W Leaf 3 Tip
SRR5911111	Mo18W Adult leaf (day)
SRR5910749	Mo18W Adult leaf (night)
SRR5911017	Mo1W Root
SRR5910987	Mo1W Shoot
SRR5910947	Mo1W Kernel
SRR5910950	Mo1W Leaf 3 Base
SRR5911015	Mo1W Leaf 3 Tip
SRR5910930	Mo1W Adult leaf (day)
SRR5910973	Mo1W Adult leaf (night)
SRR5910755	Mo24W Leaf 3 Base
SRR5910756	Mo24W Leaf 3 Tip
SRR5910960	Mo44 Root
SRR5910758	Mo44 Shoot
SRR5910957	Mo44 Kernel
SRR5910958	Mo44 Leaf 3 Base
SRR5910959	Mo44 Leaf 3 Tip
SRR5910757	Mo44 Adult leaf (night)
SRR5910953	Mo45 Root
SRR5910954	Mo45 Shoot
SRR5910816	Mo45 Kernel
SRR5910952	Mo45 Leaf 3 Base
SRR5910951	Mo45 Leaf 3 Tip
SRR5910955	Mo45 Adult leaf (day)
SRR5910956	Mo45 Adult leaf (night)
SRR5910819	Mo46 Root
SRR5910923	Mo46 Shoot
SRR5910820	Mo46 Leaf 3 Base
SRR5910821	Mo46 Leaf 3 Tip
SRR5910817	Mo46 Adult leaf (night)
SRR5910825	Mo47 Root
SRR5910824	Mo47 Shoot
SRR5910744	Mo47 Kernel
SRR5910741	Mo47 Leaf 3 Base
SRR5910742	Mo47 Leaf 3 Tip
SRR5910823	Mo47 Adult leaf (day)
SRR5910822	Mo47 Adult leaf (night)
SRR5910746	MoG Root
SRR5910743	MoG Shoot
SRR5910747	MoG Kernel
SRR5910745	MoG Leaf 3 Base
SRR5910748	MoG Leaf 3 Tip
SRR5911098	Mp339 Root
SRR5911097	Mp339 Shoot
SRR5911101	Mp339 Kernel
SRR5911095	Mp339 Leaf 3 Base
SRR5911096	Mp339 Leaf 3 Tip
SRR5910740	Mp339 Adult leaf (day)
SRR5910739	Mp339 Adult leaf (night)
SRR5911196	MR01 Root
SRR5911586	MR02 Root
SRR5911455	MR02 Shoot
SRR5911321	MR06 Root
SRR5911319	MR08 Root
SRR5911320	MR08 Shoot
SRR5911322	MR09 Root
SRR5911323	MR09 Shoot
SRR5911324	MR10 Root
SRR5911325	MR10 Shoot
SRR5911210	MR11 Root
SRR5911209	MR11 Shoot
SRR5911588	MR12 Root
SRR5911585	MR12 Shoot
SRR5911195	MR18 Root
SRR5911589	MR19 Root
SRR5911594	MR19 Kernel
SRR5911591	MR19 Leaf 3 Base
SRR5911592	MR19 Leaf 3 Tip
SRR5911587	MR19 Adult leaf (day)
SRR5911590	MR19 Adult leaf (night)
SRR5911205	MR20 Root
SRR5911206	MR20 Leaf 3 Base
SRR5911207	MR20 Leaf 3 Tip
SRR5911593	MR20 Adult leaf (night)
SRR5911204	MR20 Shoot
SRR5911208	MR20 Kernel
SRR5911203	MR20 Adult leaf (day)
SRR5911318	MR21 Root
SRR5910966	MS1334 Root
SRR5910965	MS1334 Shoot
SRR5910969	MS1334 Kernel
SRR5910963	MS1334 Leaf 3 Base
SRR5910964	MS1334 Leaf 3 Tip
SRR5910925	MS1334 Adult leaf (day)
SRR5910883	MS1334 Adult leaf (night)
SRR5910961	MS153 Root
SRR5910968	MS153 Shoot
SRR5911109	MS153 Kernel
SRR5910962	MS153 Leaf 3 Base
SRR5911123	MS153 Leaf 3 Tip
SRR5910967	MS153 Adult leaf (day)
SRR5910970	MS153 Adult leaf (night)
SRR5911335	MS71 Root
SRR5911336	Ms71 Shoot
SRR5911221	MS71 Kernel
SRR5911530	MS71 Kernel
SRR5911334	Ms71 Leaf 3 Base
SRR5911531	Ms71 Leaf 3 Tip
SRR5911330	MS71 Adult leaf (day)
SRR5911337	MS71 Adult leaf (night)
SRR5911100	Mt42 Root
SRR5911102	Mt42 Shoot
SRR5910891	Mt42 Kernel
SRR5911094	Mt42 Leaf 3 Base
SRR5910892	Mt42 Leaf 3 Tip
SRR5911099	Mt42 Adult leaf (day)
SRR5911093	Mt42 Adult leaf (night)
SRR5910893	N192 Root
SRR5910894	N192 Shoot
SRR5910765	N192 Kernel
SRR5910896	N192 Leaf 3 Base
SRR5910888	N192 Leaf 3 Base
SRR5910887	N192 Leaf 3 Tip
SRR5910890	N192 Adult leaf (day)
SRR5910895	N192 Adult leaf (night)
SRR5910889	N192 Leaf 3 middle
SRR5910761	N28Ht Root
SRR5910768	N28Ht Shoot
SRR5910764	N28Ht Kernel
SRR5910763	N28Ht Leaf 3 Base
SRR5910762	N28Ht Leaf 3 Tip
SRR5910767	N28Ht Adult leaf (day)
SRR5910766	N28Ht Adult leaf (night)
SRR5911224	N6 Root
SRR5911211	N6 Shoot
SRR5911193	N6 Leaf 3 Base
SRR5911218	N6 Leaf 3 Tip
SRR5911222	N6 Adult leaf (night)
SRR5910678	NC222 Root
SRR5911087	NC222 Shoot
SRR5910674	NC222 Kernel
SRR5910681	NC222 Leaf 3 Base
SRR5910680	NC222 L3Mid
SRR5910675	NC222 Leaf 3 Tip
SRR5910759	NC222 Adult leaf (day)
SRR5910760	NC222 Adult leaf (night)
SRR5911092	NC230 Root
SRR5910672	NC230 Shoot
SRR5911034	NC230 Kernel
SRR5911036	NC230 Leaf 3 Base
SRR5911037	NC230 Leaf 3 Tip
SRR5910677	NC230 Adult leaf (day)
SRR5910676	NC230 Adult leaf (night)
SRR5911030	NC232 Root
SRR5911033	NC232 Shoot
SRR5911040	NC232 Kernel
SRR5911039	NC232 Leaf 3 Base
SRR5911031	NC232 Leaf 3 Tip
SRR5911035	NC232 Adult leaf (day)
SRR5911032	NC232 Adult leaf (night)
SRR5911074	NC236 Root
SRR5911075	NC236 Shoot
SRR5911071	NC236 Kernel
SRR5911072	NC236 Leaf 3 Base
SRR5911073	NC236 Leaf 3 Tip
SRR5910972	NC236 Adult leaf (day)
SRR5910971	NC236 Adult leaf (night)
SRR5910931	NC238 Root
SRR5911084	NC238 Shoot
SRR5910934	NC238 Kernel
SRR5910933	NC238 Leaf 3 Base
SRR5910932	NC238 Leaf 3 Tip
SRR5911070	NC238 Adult leaf (day)
SRR5910986	NC238 Adult leaf (night)
SRR5910938	NC250 Root
SRR5910937	NC250 Shoot
SRR5910812	NC250 Kernel
SRR5910811	NC250 Kernel
SRR5910810	NC250 Leaf 3 Base
SRR5910929	NC250 Leaf 3 Base
SRR5910809	NC250 Leaf 3 Tip
SRR5910928	NC250 Leaf 3 Tip
SRR5910936	NC250 Adult leaf (day)
SRR5910935	NC250 Adult leaf (night)
SRR5910808	NC258 Root
SRR5910807	NC258 Shoot
SRR5910942	NC258 Kernel
SRR5910814	NC258 Leaf 3 Base
SRR5910813	NC258 Leaf 3 Tip
SRR5910805	NC258 Adult leaf (day)
SRR5910806	NC258 Adult leaf (night)
SRR5910939	NC260 Root
SRR5910940	NC260 Shoot
SRR5910944	NC260 Kernel
SRR5910946	NC260 Leaf 3 Base
SRR5910945	NC260 Leaf 3 Tip
SRR5910941	NC260 Adult leaf (night)
SRR5910985	NC262 Root
SRR5910948	NC262 Shoot
SRR5911083	NC262 Kernel
SRR5911082	NC262 Leaf 3 Base
SRR5911085	NC262 Leaf 3 Tip
SRR5910949	NC262 Adult leaf (day)
SRR5910943	NC262 Adult leaf (night)
SRR5911079	NC264 Root
SRR5911078	NC264 Shoot
SRR5911077	NC264 Kernel
SRR5911076	NC264 Leaf 3 Tip
SRR5911081	NC264 Adult leaf (day)
SRR5911080	NC264 Adult leaf (night)
SRR5910725	NC290A Root
SRR5910726	NC290A Shoot
SRR5910722	NC290A Kernel
SRR5910719	NC290A Leaf 3 Base
SRR5910720	NC290A Leaf 3 Tip
SRR5910723	NC290A Adult leaf (day)
SRR5910724	NC290A Adult leaf (night)
SRR5910847	NC294 Root
SRR5910717	NC294 Shoot
SRR5910850	NC294 Kernel
SRR5910849	NC294 Leaf 3 Base
SRR5910848	NC294 Leaf 3 Tip
SRR5910718	NC294 Adult leaf (day)
SRR5910721	NC294 Adult leaf (night)
SRR5910853	NC296 Root
SRR5910852	NC296 Shoot
SRR5911016	NC296 Kernel
SRR5910844	NC296 Leaf 3 Base
SRR5910845	NC296 Leaf 3 Tip
SRR5910851	NC296 Adult leaf (day)
SRR5910854	NC296 Adult leaf (night)
SRR5910991	NC296A Root
SRR5910992	NC296A Shoot
SRR5910988	NC296A Kernel
SRR5910990	NC296A Leaf 3 Base
SRR5910989	NC296A Leaf 3 Tip
SRR5911014	NC296A Adult leaf (day)
SRR5910993	NC296A Adult leaf (night)
SRR5911018	NC298 Leaf 3 Base
SRR5911019	NC298 Leaf 3 Tip
SRR5911144	NC300 Root
SRR5911147	NC300 Shoot
SRR5910842	NC300 Kernel
SRR5911151	NC300 Leaf 3 Base
SRR5911150	NC300 Leaf 3 Tip
SRR5911146	NC300 Adult leaf (day)
SRR5911145	NC300 Adult leaf (night)
SRR5910780	NC302 Root
SRR5910846	NC302 Shoot
SRR5910784	NC302 Kernel
SRR5910693	NC302 Leaf 3 Base
SRR5910782	NC302 L3Mid
SRR5910781	NC302 Leaf 3 Tip
SRR5910843	NC302 Adult leaf (day)
SRR5910815	NC302 Adult leaf (night)
SRR5910699	NC304 Root
SRR5910785	NC304 Shoot
SRR5910687	NC304 Kernel
SRR5910698	NC304 Leaf 3 Base
SRR5910686	NC304 Leaf 3 Tip
SRR5910783	NC304 Adult leaf (day)
SRR5910786	NC304 Adult leaf (night)
SRR5910683	NC306 Root
SRR5910682	NC306 Shoot
SRR5911086	NC306 Kernel
SRR5910684	NC306 Leaf 3 Base
SRR5910685	NC306 Leaf 3 Tip
SRR5910689	NC306 Adult leaf (day)
SRR5910688	NC306 Adult leaf (night)
SRR5910826	NC310 Root
SRR5910827	NC310 Shoot
SRR5910831	NC310 Kernel
SRR5910926	NC310 Leaf 3 Base
SRR5910927	NC310 Leaf 3 Tip
SRR5910679	NC310 Adult leaf (night)
SRR5910924	NC314 Root
SRR5910828	NC314 Shoot
SRR5910656	NC314 Kernel
SRR5910818	NC314 Leaf 3 Base
SRR5910657	NC314 Leaf 3 Tip
SRR5910829	NC314 Adult leaf (day)
SRR5910830	NC314 Adult leaf (night)
SRR5910652	NC318 Root
SRR5910653	NC318 Shoot
SRR5911149	NC318 Kernel
SRR5910655	NC318 Leaf 3 Base
SRR5910654	NC318 Leaf 3 Tip
SRR5910659	NC318 Adult leaf (day)
SRR5910658	NC318 Adult leaf (night)
SRR5911000	NC320 Root
SRR5911003	NC320 Shoot
SRR5910999	NC320 Kernel
SRR5910998	NC320 Leaf 3 Base
SRR5911001	NC320 Leaf 3 Tip
SRR5911148	NC320 Adult leaf (day)
SRR5911002	NC320 Adult leaf (night)
SRR5910995	NC324 Root
SRR5910994	NC324 Shoot
SRR5910856	NC324 Kernel
SRR5910858	NC324 Leaf 3 Base
SRR5910857	NC324 Leaf 3 Tip
SRR5910997	NC324 Adult leaf (day)
SRR5910996	NC324 Adult leaf (night)
SRR5910860	NC326 Root
SRR5910861	NC326 Shoot
SRR5910865	NC326 Kernel
SRR5910859	NC326 Leaf 3 Base
SRR5910866	NC326 Leaf 3 Tip
SRR5910862	NC326 Adult leaf (day)
SRR5910855	NC326 Adult leaf (night)
SRR5910734	NC328 Root
SRR5910733	NC328 Shoot
SRR5910729	NC328 Kernel
SRR5910727	NC328 Leaf 3 Base
SRR5910728	NC328 Leaf 3 Tip
SRR5910732	NC328 Adult leaf (day)
SRR5910731	NC328 Adult leaf (night)
SRR5910701	NC33 Root
SRR5910736	NC33 Shoot
SRR5910702	NC33 Kernel
SRR5910700	NC33 Leaf 3 Base
SRR5910703	NC33 Leaf 3 Tip
SRR5910730	NC33 Adult leaf (day)
SRR5910735	NC33 Adult leaf (night)
SRR5910706	NC336 Root
SRR5910707	NC336 Shoot
SRR5911056	NC336 Kernel
SRR5910709	NC336 Leaf 3 Base
SRR5910708	NC336 Leaf 3 Tip
SRR5910705	NC336 Adult leaf (day)
SRR5910704	NC336 Adult leaf (night)
SRR5911060	NC338 Root
SRR5911055	NC338 Shoot
SRR5911059	NC338 Kernel
SRR5911061	NC338 Leaf 3 Base
SRR5911058	NC338 Leaf 3 Tip
SRR5911057	NC338 Adult leaf (day)
SRR5911054	NC338 Adult leaf (night)
SRR5910913	NC340 Root
SRR5910914	NC340 Shoot
SRR5910910	NC340 Kernel
SRR5910912	NC340 Leaf 3 Base
SRR5910911	NC340 Leaf 3 Tip
SRR5911065	NC340 Adult leaf (day)
SRR5911064	NC340 Adult leaf (night)
SRR5910922	NC342 Root
SRR5910907	NC342 Shoot
SRR5910921	NC342 Leaf 3 Base
SRR5910787	NC342 Leaf 3 Tip
SRR5910908	NC342 Adult leaf (day)
SRR5910909	NC342 Adult leaf (night)
SRR5910790	NC344 Root
SRR5910789	NC344 Shoot
SRR5910794	NC344 Kernel
SRR5910792	NC344 Leaf 3 Base
SRR5910793	NC344 Leaf 3 Tip
SRR5910788	NC344 Adult leaf (day)
SRR5910791	NC344 Adult leaf (night)
SRR5911024	NC346 Root
SRR5911025	NC346 Shoot
SRR5911021	NC346 Kernel
SRR5911027	NC346 Leaf 3 Base
SRR5911026	NC346 Leaf 3 Tip
SRR5910779	NC346 Adult leaf (day)
SRR5910694	NC346 Adult leaf (night)
SRR5911029	NC348 Root
SRR5911022	NC348 Shoot
SRR5910880	NC348 Kernel
SRR5911028	NC348 Leaf 3 Base
SRR5910879	NC348 Leaf 3 Tip
SRR5911020	NC348 Adult leaf (day)
SRR5911023	NC348 Adult leaf (night)
SRR5910876	NC350 Root
SRR5910875	NC350 Shoot
SRR5910874	NC350 Leaf 3 Base
SRR5910873	NC350 Leaf 3 Tip
SRR5910877	NC350 Adult leaf (day)
SRR5910878	NC350 Adult leaf (night)
SRR5910977	NC352 Root
SRR5910976	NC352 Shoot
SRR5910980	NC352 Kernel
SRR5910974	NC352 Leaf 3 Base
SRR5910975	NC352 Leaf 3 Tip
SRR5910881	NC352 Adult leaf (day)
SRR5910882	NC352 Adult leaf (night)
SRR5910979	NC354 Root
SRR5910978	NC354 Shoot
SRR5911137	NC354 Kernel
SRR5910983	NC354 Leaf 3 Base
SRR5911135	NC354 L3Mid
SRR5911134	NC354 Leaf 3 Tip
SRR5910981	NC354 Adult leaf (day)
SRR5910982	NC354 Adult leaf (night)
SRR5911141	NC356 Root
SRR5911138	NC356 Shoot
SRR5911142	NC356 Kernel
SRR5911140	NC356 Leaf 3 Base
SRR5911143	NC356 Leaf 3 Tip
SRR5911136	NC356 Adult leaf (day)
SRR5911139	NC356 Adult leaf (night)
SRR5910711	NC358 Root
SRR5910710	NC358 Shoot
SRR5910714	NC358 Kernel
SRR5910713	NC358 Leaf 3 Base
SRR5910712	NC358 Leaf 3 Tip
SRR5910738	NC358 Adult leaf (day)
SRR5910737	NC358 Adult leaf (night)
SRR5910839	NC360 Root
SRR5910716	NC360 Shoot
SRR5910836	NC360 Kernel
SRR5910838	NC360 Leaf 3 Base
SRR5910837	NC360 Leaf 3 Tip
SRR5910697	NC360 Adult leaf (day)
SRR5910715	NC360 Adult leaf (night)
SRR5910833	NC362 Root
SRR5910834	NC362 Shoot
SRR5910840	NC362 Kernel
SRR5910841	NC362 Leaf 3 Base
SRR5910832	NC362 Leaf 3 Tip
SRR5910835	NC362 Adult leaf (night)
SRR5910919	NC364 Root
SRR5911052	NC364 Shoot
SRR5910918	NC364 Kernel
SRR5910917	NC364 Leaf 3 Base
SRR5910920	NC364 Leaf 3 Tip
SRR5911051	NC364 Adult leaf (night)
SRR5911053	NC366 Root
SRR5911038	NC366 Shoot
SRR5911069	NC366 Kernel
SRR5911066	NC366 Leaf 3 Base
SRR5911067	NC366 Leaf 3 Tip
SRR5910915	NC366 Adult leaf (day)
SRR5910916	NC366 Adult leaf (night)
SRR5910886	NC368 Root
SRR5911062	NC368 Shoot
SRR5910872	NC368 Kernel
SRR5910885	NC368 Leaf 3 Base
SRR5910884	NC368 Leaf 3 Tip
SRR5911063	NC368 Adult leaf (day)
SRR5911068	NC368 Adult leaf (night)
SRR5910667	ND246 Root
SRR5910666	ND246 Shoot
SRR5910662	ND246 Kernel
SRR5910660	ND246 Leaf 3 Base
SRR5910661	ND246 Leaf 3 Tip
SRR5910664	ND246 Adult leaf (day)
SRR5910665	ND246 Adult leaf (night)
SRR5910800	Oh40B Root
SRR5910801	Oh40B Shoot
SRR5910803	Oh40B Kernel
SRR5910804	Oh40B Leaf 3 Base
SRR5910799	Oh40B Leaf 3 Tip
SRR5910802	Oh40B Adult leaf (night)
SRR5911226	Oh43 Root
SRR5911213	Oh43 Shoot
SRR5911550	Oh43 Kernel
SRR5911551	Oh43 Leaf 3 Tip
SRR5911219	Oh43 Adult leaf (day)
SRR5911220	Oh43 Adult leaf (night)
SRR5910863	Oh43E Root
SRR5910696	Oh43E Shoot
SRR5910870	Oh43E Kernel
SRR5910864	Oh43E Leaf 3 Base
SRR5910869	Oh43E Leaf 3 Tip
SRR5910695	Oh43E Adult leaf (night)
SRR5910692	Oh603 Root
SRR5910690	Oh603 Shoot
SRR5911009	Oh603 Kernel
SRR5911007	Oh603 Leaf 3 Base
SRR5911006	Oh603 Leaf 3 Tip
SRR5910868	Oh603 Adult leaf (day)
SRR5910867	Oh603 Adult leaf (night)
SRR5910798	Oh7B Root
SRR5910669	Oh7B Shoot
SRR5910795	Oh7B Kernel
SRR5910797	Oh7B Leaf 3 Base
SRR5910796	Oh7B Leaf 3 Tip
SRR5910663	Oh7B Adult leaf (day)
SRR5910668	Oh7B Adult leaf (night)
SRR5911013	Os420 Root
SRR5911010	Os420 Shoot
SRR5911012	Os420 Leaf 3 Base
SRR5911005	Os420 Leaf 3 Tip
SRR5911011	Os420 Adult leaf (day)
SRR5911008	Os420 Adult leaf (night)
SRR5911599	P39 Kernel
SRR5911601	P39 Leaf 3 Base
SRR5911600	P39 Leaf 3 Tip
SRR5911004	P39 Adult leaf (day)
SRR5911602	P39 Adult leaf (night)
SRR5911194	Pa762 Root
SRR5911228	Pa762 Shoot
SRR5911192	Pa762 Leaf 3 Base
SRR5911596	Pa762 Leaf 3 Tip
SRR5911229	Pa762 Adult leaf (night)
SRR5911580	Pa875 Root
SRR5911577	Pa875 Shoot
SRR5911579	Pa875 Kernel
SRR5911578	Pa875 Adult leaf (day)
SRR5911595	Pa875 Adult leaf (night)
SRR5911583	Pa880 Root
SRR5911584	Pa880 Shoot
SRR5911442	Pa880 Kernel
SRR5911576	Pa880 Leaf 3 Base
SRR5911575	Pa880 Leaf 3 Tip
SRR5911582	Pa880 Adult leaf (day)
SRR5911581	Pa880 Adult leaf (night)
SRR5911438	Pa91 Root
SRR5911445	Pa91 Shoot
SRR5911441	Pa91 Kernel
SRR5911440	Pa91 Leaf 3 Base
SRR5911439	Pa91 Leaf 3 Tip
SRR5911444	Pa91 Adult leaf (day)
SRR5911443	Pa91 Adult leaf (night)
SRR5911294	R168 Root
SRR5911295	R168 Shoot
SRR5911299	R168 Kernel
SRR5911293	R168 Leaf 3 Base
SRR5911292	R168 Leaf 3 Tip
SRR5911436	R168 Adult leaf (day)
SRR5911437	R168 Adult leaf (night)
SRR5911296	R177 Root
SRR5911297	R177 Shoot
SRR5911162	R177 Kernel
SRR5911301	R177 Leaf 3 Base
SRR5911300	R177 Leaf 3 Tip
SRR5911298	R177 Adult leaf (night)
SRR5911158	R229 Root
SRR5911161	R229 Shoot
SRR5911157	R229 Kernel
SRR5911164	R229 Kernel
SRR5911159	R229 Leaf 3 Base
SRR5911156	R229 Leaf 3 Tip
SRR5911160	R229 Adult leaf (day)
SRR5911163	R229 Adult leaf (night)
SRR5911496	R4 Root
SRR5911493	R4 Shoot
SRR5911488	R4 Kernel
SRR5911495	R4 Leaf 3 Base
SRR5911489	R4 Leaf 3 Tip
SRR5911494	R4 Adult leaf (day)
SRR5911165	R4 Adult leaf (night)
SRR5911515	SA24 Root
SRR5911498	SA24 Shoot
SRR5911374	SA24 Kernel
SRR5911372	SA24 Leaf 3 Base
SRR5911373	SA24 Leaf 3 Tip
SRR5911490	SA24 Adult leaf (day)
SRR5911491	SA24 Adult leaf (night)
SRR5911378	SC213R Root
SRR5911377	SC213R Shoot
SRR5911369	SC213R Leaf 3 Base
SRR5911379	SC213R Leaf 3 Tip
SRR5911375	SC213R Adult leaf (day)
SRR5911376	SC213R Adult leaf (night)
SRR5911249	SC357 Root
SRR5911250	SC357 Shoot
SRR5911370	SC357 Adult leaf (day)
SRR5911251	SC357 Adult leaf (night)
SRR5911245	SC55 Root
SRR5911246	SC55 Shoot
SRR5911242	SC55 Kernel
SRR5911244	SC55 Leaf 3 Base
SRR5911243	SC55 Leaf 3 Tip
SRR5911248	SC55 Adult leaf (day)
SRR5911247	SC55 Adult leaf (night)
SRR5911358	SD40 Root
SRR5911361	SD40 Shoot
SRR5911362	SD40 Kernel
SRR5911365	SD40 Leaf 3 Base
SRR5911359	SD40 Leaf 3 Base
SRR5911364	SD40 Leaf 3 Tip
SRR5911360	SD40 Adult leaf (night)
SRR5911233	SD44 Root
SRR5911230	SD44 Shoot
SRR5911234	SD44 Kernel
SRR5911368	SD44 Leaf 3 Base
SRR5911232	SD44 Leaf 3 Base
SRR5911235	SD44 Leaf 3 Tip
SRR5911363	SD44 Adult leaf (day)
SRR5911231	SD44 Adult leaf (night)
SRR5911367	SD44 Leaf 3 middle
SRR5911238	Sg1533 Root
SRR5911239	Sg1533 Shoot
SRR5911264	Sg1533 Kernel
SRR5911262	Sg1533 Leaf 3 Base
SRR5911263	Sg1533 Leaf 3 Tip
SRR5911237	Sg1533 Adult leaf (day)
SRR5911236	Sg1533 Adult leaf (night)
SRR5911268	SG18 Root
SRR5911267	SG18 Shoot
SRR5911394	SG18 Kernel
SRR5911395	SG18 Leaf 3 Base
SRR5911270	SG18 Leaf 3 Base
SRR5911269	SG18 Leaf 3 Tip
SRR5911271	SG18 Leaf 3 Tip
SRR5911266	SG18 Adult leaf (day)
SRR5911265	SG18 Adult leaf (night)
SRR5911390	T232 Root
SRR5911391	T232 Shoot
SRR5911386	T232 Kernel
SRR5911389	T232 Leaf 3 Base
SRR5911388	T232 L3Mid
SRR5911387	T232 Leaf 3 Tip
SRR5911392	T232 Adult leaf (day)
SRR5911393	T232 Adult leaf (night)
SRR5911508	T234 Root
SRR5911507	T234 Shoot
SRR5911511	T234 Kernel
SRR5911514	T234 Leaf 3 Base
SRR5911513	T234 Leaf 3 Tip
SRR5911548	T234 Adult leaf (day)
SRR5911549	T234 Adult leaf (night)
SRR5911169	T8 Root
SRR5911529	T8 Shoot
SRR5911170	T8 Kernel
SRR5911168	T8 Leaf 3 Base
SRR5911171	T8 Leaf 3 Tip
SRR5911554	T8 Adult leaf (day)
SRR5911512	T8 Adult leaf (night)
SRR5911175	Tx303 Root
SRR5911174	Tx303 Leaf 3 Base
SRR5911167	Tx303 Leaf 3 Tip
SRR5911173	Tx303 Adult leaf (day)
SRR5911172	Tx303 Adult leaf (night)
SRR5911188	Tx601 Root
SRR5911166	Tx601 Shoot
SRR5911191	Tzi10 Root
SRR5911190	Tzi10 Shoot
SRR5911189	Tzi10 Leaf 3 middle
SRR5911187	Tzi11 Root
SRR5911186	Tzi11 Shoot
SRR5911313	Tzi11 Kernel
SRR5911486	Tzi11 Leaf 3 Base
SRR5911487	Tzi11 Leaf 3 Tip
SRR5911184	Tzi11 Adult leaf (day)
SRR5911185	Tzi11 Adult leaf (night)
SRR5911317	Tzi16 Root
SRR5911346	Tzi16 Shoot
SRR5911314	Tzi16 Kernel
SRR5911316	Tzi16 Leaf 3 Base
SRR5911315	Tzi16 Leaf 3 Tip
SRR5911312	Tzi16 Adult leaf (day)
SRR5911347	Tzi16 Adult leaf (night)
SRR5911432	Tzi18 Root
SRR5911328	Tzi18 Shoot
SRR5911429	Tzi18 Kernel
SRR5911430	Tzi18 Leaf 3 Base
SRR5911431	Tzi18 L3Mid
SRR5911428	Tzi18 Leaf 3 Tip
SRR5911329	Tzi18 Adult leaf (day)
SRR5911433	Tzi18 Adult leaf (night)
SRR5911435	Tzi25 Root
SRR5911434	Tzi25 Shoot
SRR5911572	Tzi25 Kernel
SRR5911569	Tzi25 Leaf 3 Base
SRR5911570	Tzi25 Leaf 3 Tip
SRR5911426	Tzi25 Adult leaf (day)
SRR5911427	Tzi25 Adult leaf (night)
SRR5911565	Tzi9 Root
SRR5911574	Tzi9 Kernel
SRR5911568	Tzi9 Leaf 3 Base
SRR5911567	Tzi9 Leaf 3 Tip
SRR5911571	Tzi9 Adult leaf (day)
SRR5911566	Tzi9 Adult leaf (night)
SRR5911352	U267Y Root
SRR5911351	U267Y Shoot
SRR5911356	U267Y Kernel
SRR5911353	U267Y Leaf 3 Base
SRR5911354	U267Y L3Mid
SRR5911355	U267Y Leaf 3 Tip
SRR5911573	U267Y Adult leaf (day)
SRR5911350	U267Y Adult leaf (night)
SRR5911349	Va102 Root
SRR5911348	Va102 Shoot
SRR5911480	Va102 Kernel
SRR5911483	Va102 Leaf 3 Base
SRR5911482	Va102 L3Mid
SRR5911481	Va102 Leaf 3 Tip
SRR5911357	Va102 Adult leaf (night)
SRR5911485	Va14 Root
SRR5911476	Va14 Shoot
SRR5911400	Va14 Kernel
SRR5911484	Va14 Leaf 3 Base
SRR5911401	Va14 Leaf 3 Tip
SRR5911477	Va14 Adult leaf (day)
SRR5911479	Va14 Adult leaf (night)
SRR5911478	Va14 Leaf 3 middle
SRR5911404	Va17 Root
SRR5911405	Va17 Shoot
SRR5911397	Va17 Kernel
SRR5911403	Va17 Leaf 3 Base
SRR5911402	Va17 Leaf 3 Tip
SRR5911398	Va17 Adult leaf (day)
SRR5911399	Va17 Adult leaf (night)
SRR5911280	Va22 Root
SRR5911279	Va22 Shoot
SRR5911276	Va22 Kernel
SRR5911281	Va22 Leaf 3 Base
SRR5911274	Va22 L3Mid
SRR5911275	Va22 Leaf 3 Tip
SRR5911278	Va22 Adult leaf (day)
SRR5911396	Va22 Adult leaf (night)
SRR5911273	Va26 Root
SRR5911272	Va26 Shoot
SRR5911183	Va26 Kernel
SRR5911181	Va26 Leaf 3 Base
SRR5911180	Va26 Leaf 3 Tip
SRR5911277	Va26 Adult leaf (night)
SRR5911177	Va35 Root
SRR5911501	Va35 Kernel
SRR5911178	Va35 Kernel
SRR5911176	Va35 Leaf 3 Base
SRR5911179	Va35 Leaf 3 Tip
SRR5911182	Va35 Adult leaf (night)
SRR5911522	Va59 Root
SRR5911525	Va59 Shoot
SRR5911521	Va59 Kernel
SRR5911520	Va59 Leaf 3 Base
SRR5911523	Va59 Leaf 3 Tip
SRR5911524	Va59 Adult leaf (day)
SRR5911497	Va59 Adult leaf (night)
SRR5911527	Va85 Root
SRR5911526	Va85 Shoot
SRR5911422	Va85 Kernel
SRR5911423	Va85 Kernel
SRR5911425	Va85 Leaf 3 Base
SRR5911424	Va85 Leaf 3 Tip
SRR5911518	Va85 Adult leaf (day)
SRR5911519	Va85 Adult leaf (night)
SRR5911419	Va99 Root
SRR5911420	Va99 Shoot
SRR5911416	Va99 Kernel
SRR5911418	Va99 Leaf 3 Base
SRR5911417	Va99 Leaf 3 Tip
SRR5911421	Va99 Adult leaf (night)
SRR5911304	VaW6 Root
SRR5911303	VaW6 Shoot
SRR5911307	VaW6 Kernel
SRR5911308	VaW6 Kernel
SRR5911305	VaW6 Leaf 3 Base
SRR5911306	VaW6 Leaf 3 Tip
SRR5911302	VaW6 Adult leaf (night)
SRR5911255	W117HT Root
SRR5911311	W117HT Shoot
SRR5911256	W117HT Kernel
SRR5911254	W117HT Leaf 3 Base
SRR5911257	W117HT Leaf 3 Tip
SRR5911309	W117HT Adult leaf (day)
SRR5911310	W117HT Adult leaf (night)
SRR5911260	W153R Root
SRR5911261	W153R Shoot
SRR5911559	W153R Kernel
SRR5911252	W153R Leaf 3 Base
SRR5911253	W153R Leaf 3 Tip
SRR5911259	W153R Adult leaf (day)
SRR5911258	W153R Adult leaf (night)
SRR5911558	W182B Root
SRR5911557	W182B Shoot
SRR5911555	W182B Kernel
SRR5911556	W182B Kernel
SRR5911562	W182B Leaf 3 Base
SRR5911564	W182B Leaf 3 Base
SRR5911563	W182B Leaf 3 Tip
SRR5911561	W182B Leaf 3 Tip
SRR5911560	W182B Adult leaf (day)
SRR5911200	W22 Root
SRR5911197	W22 Shoot
SRR5911553	W22 Kernel
SRR5911199	W22 Leaf 3 Base
SRR5911202	W22 L3Mid
SRR5911201	W22 Leaf 3 Tip
SRR5911198	W22 Adult leaf (night)
SRR5911533	W22R-rstd Kernel
SRR5911535	W22R-rstd Adult leaf (day)
SRR5911532	W22R-rstd Adult leaf (day)
SRR5911534	W22R-rstd Adult leaf (night)
SRR5911552	W22R-rstd Adult leaf (night)
SRR5911240	W64A Root
SRR5911539	W64A Shoot
SRR5911371	W64A Kernel
SRR5911241	W64A Leaf 3 Base
SRR5911366	W64A Leaf 3 Tip
SRR5911538	W64A Adult leaf (night)
SRR5911500	Wf9 Root
SRR5911528	Wf9 Shoot
SRR5911505	Wf9 Kernel
SRR5911499	Wf9 Leaf 3 Base
SRR5911506	Wf9 Leaf 3 Tip
SRR5911502	Wf9 Adult leaf (night)
SRR5911510	Yu796NS Root
SRR5911503	Yu796NS Shoot
SRR5911385	Yu796NS Kernel
SRR5911509	Yu796NS Leaf 3 Base
SRR5911384	Yu796NS Leaf 3 Tip
SRR5911504	Yu796NS Adult leaf (night)